<?xml version="1.0" encoding="utf-8"?>
<FormSpecification xmlns:xsd="http://www.w3.org/2001/XMLSchema" xmlns:xsi="http://www.w3.org/2001/XMLSchema-instance">
  <Name>iLogicBrowserUiFormSpecification</Name>
  <Font>
    <Size>0</Size>
    <Bold>false</Bold>
    <Italic>false</Italic>
  </Font>
  <ContentsFont>
    <Size>0</Size>
    <Bold>false</Bold>
    <Italic>false</Italic>
  </ContentsFont>
  <ContentsTextLocation>Left</ContentsTextLocation>
  <Items>
    <UiElementSpec xsi:type="FormButtonControlSpec">
      <Name>iProperties</Name>
      <Font>
        <Size>0</Size>
        <Bold>false</Bold>
        <Italic>false</Italic>
      </Font>
      <TextLocation>Left</TextLocation>
      <Image>
        <BitmapByteArray />
      </Image>
      <TextVisible>true</TextVisible>
    </UiElementSpec>
    <UiElementSpec xsi:type="FormButtonControlSpec">
      <Name>Rules</Name>
      <Font>
        <Size>0</Size>
        <Bold>false</Bold>
        <Italic>false</Italic>
      </Font>
      <TextLocation>Left</TextLocation>
      <Image>
        <BitmapByteArray />
      </Image>
      <TextVisible>true</TextVisible>
    </UiElementSpec>
  </Items>
  <StyleAndSkinName>
    <StyleName>Default</StyleName>
  </StyleAndSkinName>
  <AllowCustomization>false</AllowCustomization>
  <PredefinedButtons>None</PredefinedButtons>
  <Modal>false</Modal>
  <ItemBordersVisible>false</ItemBordersVisible>
  <IsLauncherPage>true</IsLauncherPage>
  <ShowOnPlaceComponent>false</ShowOnPlaceComponent>
  <Guid>af5bd67a-a10f-4682-ba3b-2d3177311326</Guid>
</FormSpecification>