<?xml version="1.0" encoding="utf-8"?>
<FormSpecification xmlns:xsd="http://www.w3.org/2001/XMLSchema" xmlns:xsi="http://www.w3.org/2001/XMLSchema-instance">
  <Name>iProperties</Name>
  <Font>
    <Size>0</Size>
    <Bold>false</Bold>
    <Italic>false</Italic>
  </Font>
  <ContentsFont>
    <Size>0</Size>
    <Bold>false</Bold>
    <Italic>false</Italic>
  </ContentsFont>
  <ContentsTextLocation>Left</ContentsTextLocation>
  <Items>
    <UiElementSpec xsi:type="TextPropertyControlSpec">
      <Name>Number (Read-Only)</Name>
      <Font>
        <FamilyName />
        <Size>0</Size>
        <Bold>false</Bold>
        <Italic>false</Italic>
      </Font>
      <TextLocation>Left</TextLocation>
      <ReadOnly>true</ReadOnly>
      <AlwaysReadOnly>false</AlwaysReadOnly>
      <PropertyName>Manager</PropertyName>
      <PropertySetName>Summary</PropertySetName>
    </UiElementSpec>
    <UiElementSpec xsi:type="TextPropertyControlSpec">
      <Name>Name (Read-Only)</Name>
      <Font>
        <FamilyName />
        <Size>0</Size>
        <Bold>false</Bold>
        <Italic>false</Italic>
      </Font>
      <TextLocation>Left</TextLocation>
      <ReadOnly>true</ReadOnly>
      <AlwaysReadOnly>false</AlwaysReadOnly>
      <PropertyName>Description</PropertyName>
      <PropertySetName>Project</PropertySetName>
    </UiElementSpec>
    <UiElementSpec xsi:type="TextPropertyControlSpec">
      <Name>Paint Color (Read-Only)</Name>
      <ToolTip>This the paint Color that will appear on the Drawings</ToolTip>
      <Font>
        <FamilyName />
        <Size>0</Size>
        <Bold>false</Bold>
        <Italic>false</Italic>
      </Font>
      <TextLocation>Left</TextLocation>
      <ReadOnly>true</ReadOnly>
      <AlwaysReadOnly>false</AlwaysReadOnly>
      <PropertyName>FinishProperty</PropertyName>
      <PropertySetName>Custom</PropertySetName>
    </UiElementSpec>
    <UiElementSpec xsi:type="NumericPropertyControlSpec">
      <Name>Mass (kg) (Read-Only)</Name>
      <Font>
        <FamilyName />
        <Size>0</Size>
        <Bold>false</Bold>
        <Italic>false</Italic>
      </Font>
      <TextLocation>Left</TextLocation>
      <ReadOnly>true</ReadOnly>
      <AlwaysReadOnly>false</AlwaysReadOnly>
      <PropertyName>CN_MASS</PropertyName>
      <PropertySetName>Custom</PropertySetName>
    </UiElementSpec>
    <UiElementSpec xsi:type="EmptySpaceSpec">
      <Name>Empty Space 2</Name>
      <Font>
        <FamilyName>Tahoma</FamilyName>
        <Size>3.75</Size>
        <Bold>false</Bold>
        <Italic>false</Italic>
      </Font>
      <MinimumWidth>0</MinimumWidth>
      <MaximumWidth>0</MaximumWidth>
    </UiElementSpec>
    <UiElementSpec xsi:type="TextPropertyControlSpec">
      <Name>Designer ( - for null value)</Name>
      <Font>
        <FamilyName />
        <Size>0</Size>
        <Bold>false</Bold>
        <Italic>false</Italic>
      </Font>
      <TextLocation>Left</TextLocation>
      <ReadOnly>false</ReadOnly>
      <AlwaysReadOnly>false</AlwaysReadOnly>
      <PropertyName>Mfg. Approved By</PropertyName>
      <PropertySetName>Status</PropertySetName>
    </UiElementSpec>
    <UiElementSpec xsi:type="TextPropertyControlSpec">
      <Name>Detailer ( - for null value)</Name>
      <Font>
        <FamilyName />
        <Size>0</Size>
        <Bold>false</Bold>
        <Italic>false</Italic>
      </Font>
      <TextLocation>Left</TextLocation>
      <ReadOnly>false</ReadOnly>
      <AlwaysReadOnly>false</AlwaysReadOnly>
      <PropertyName>Author</PropertyName>
      <PropertySetName>Summary</PropertySetName>
    </UiElementSpec>
    <UiElementSpec xsi:type="TextPropertyControlSpec">
      <Name>P/PM/S/SM/R ? ( _ for null value)</Name>
      <Font>
        <FamilyName />
        <Size>0</Size>
        <Bold>false</Bold>
        <Italic>false</Italic>
      </Font>
      <TextLocation>Left</TextLocation>
      <ReadOnly>false</ReadOnly>
      <AlwaysReadOnly>false</AlwaysReadOnly>
      <PropertyName>Eng. Approved By</PropertyName>
      <PropertySetName>Status</PropertySetName>
    </UiElementSpec>
    <UiElementSpec xsi:type="TextPropertyControlSpec">
      <Name>Manufacturer ( - for null)</Name>
      <Font>
        <FamilyName />
        <Size>0</Size>
        <Bold>false</Bold>
        <Italic>false</Italic>
      </Font>
      <TextLocation>Left</TextLocation>
      <ReadOnly>false</ReadOnly>
      <AlwaysReadOnly>false</AlwaysReadOnly>
      <PropertyName>Keywords</PropertyName>
      <PropertySetName>Summary</PropertySetName>
    </UiElementSpec>
    <UiElementSpec xsi:type="TextPropertyControlSpec">
      <Name>Manufacturer Part Number ( _ for null value)</Name>
      <Font>
        <FamilyName />
        <Size>0</Size>
        <Bold>false</Bold>
        <Italic>false</Italic>
      </Font>
      <TextLocation>Left</TextLocation>
      <ReadOnly>false</ReadOnly>
      <AlwaysReadOnly>false</AlwaysReadOnly>
      <PropertyName>Subject</PropertyName>
      <PropertySetName>Summary</PropertySetName>
    </UiElementSpec>
    <UiElementSpec xsi:type="TextPropertyControlSpec">
      <Name>Serviceable ( _ for N, S for Y)</Name>
      <Font>
        <FamilyName />
        <Size>0</Size>
        <Bold>false</Bold>
        <Italic>false</Italic>
      </Font>
      <TextLocation>Left</TextLocation>
      <ReadOnly>false</ReadOnly>
      <AlwaysReadOnly>false</AlwaysReadOnly>
      <PropertyName>CN_SERVICEABLE</PropertyName>
      <PropertySetName>Custom</PropertySetName>
    </UiElementSpec>
    <UiElementSpec xsi:type="EmptySpaceSpec">
      <Name>Empty Space 1</Name>
      <Font>
        <FamilyName>Arial</FamilyName>
        <Size>3.75</Size>
        <Bold>false</Bold>
        <Italic>false</Italic>
      </Font>
      <MinimumWidth>0</MinimumWidth>
      <MaximumWidth>0</MaximumWidth>
    </UiElementSpec>
    <UiElementSpec xsi:type="TextPropertyControlSpec">
      <Name>First Description ( _ for null value)</Name>
      <Font>
        <FamilyName />
        <Size>0</Size>
        <Bold>false</Bold>
        <Italic>false</Italic>
      </Font>
      <TextLocation>Left</TextLocation>
      <ReadOnly>false</ReadOnly>
      <AlwaysReadOnly>false</AlwaysReadOnly>
      <PropertyName>FIRST_DESCRIPTION</PropertyName>
      <PropertySetName>Custom</PropertySetName>
    </UiElementSpec>
    <UiElementSpec xsi:type="TextPropertyControlSpec">
      <Name>Second Description ( _ for null value)</Name>
      <Font>
        <FamilyName />
        <Size>0</Size>
        <Bold>false</Bold>
        <Italic>false</Italic>
      </Font>
      <TextLocation>Left</TextLocation>
      <ReadOnly>false</ReadOnly>
      <AlwaysReadOnly>false</AlwaysReadOnly>
      <PropertyName>SECOND_DESCRIPTION</PropertyName>
      <PropertySetName>Custom</PropertySetName>
    </UiElementSpec>
    <UiElementSpec xsi:type="TextPropertyControlSpec">
      <Name>Third Description ( _ for null value)</Name>
      <Font>
        <FamilyName />
        <Size>0</Size>
        <Bold>false</Bold>
        <Italic>false</Italic>
      </Font>
      <TextLocation>Left</TextLocation>
      <ReadOnly>false</ReadOnly>
      <AlwaysReadOnly>false</AlwaysReadOnly>
      <PropertyName>THIRD_DESCRIPTION</PropertyName>
      <PropertySetName>Custom</PropertySetName>
    </UiElementSpec>
    <UiElementSpec xsi:type="EmptySpaceSpec">
      <Name>Empty Space 3</Name>
      <Font>
        <FamilyName />
        <Size>0</Size>
        <Bold>false</Bold>
        <Italic>false</Italic>
      </Font>
      <MinimumWidth>0</MinimumWidth>
      <MaximumWidth>0</MaximumWidth>
    </UiElementSpec>
    <UiElementSpec xsi:type="TextPropertyControlSpec">
      <Name>Customer Number ( _ for null value)</Name>
      <Font>
        <FamilyName />
        <Size>0</Size>
        <Bold>false</Bold>
        <Italic>false</Italic>
      </Font>
      <TextLocation>Left</TextLocation>
      <ReadOnly>false</ReadOnly>
      <AlwaysReadOnly>false</AlwaysReadOnly>
      <PropertyName>Category</PropertyName>
      <PropertySetName>Summary</PropertySetName>
    </UiElementSpec>
    <UiElementSpec xsi:type="EmptySpaceSpec">
      <Name>Empty Space 4</Name>
      <Font>
        <FamilyName />
        <Size>0</Size>
        <Bold>false</Bold>
        <Italic>false</Italic>
      </Font>
      <MinimumWidth>0</MinimumWidth>
      <MaximumWidth>0</MaximumWidth>
    </UiElementSpec>
    <UiElementSpec xsi:type="iLogicExternalRuleControlSpec">
      <Name>Update Designer Name</Name>
      <Font>
        <FamilyName />
        <Size>0</Size>
        <Bold>false</Bold>
        <Italic>false</Italic>
      </Font>
      <TextLocation>Left</TextLocation>
      <Image>
        <BitmapByteArray />
      </Image>
      <TextVisible>true</TextVisible>
      <RuleName>DesignerName</RuleName>
      <RuleButtonBehavior>RunRule</RuleButtonBehavior>
      <Path>\\cadshare\CAD Configuration\i-Logic\Rules\DesignerName.txt</Path>
    </UiElementSpec>
    <UiElementSpec xsi:type="iLogicExternalRuleControlSpec">
      <Name>Populate Description Fields</Name>
      <Font>
        <FamilyName />
        <Size>0</Size>
        <Bold>false</Bold>
        <Italic>false</Italic>
      </Font>
      <TextLocation>Left</TextLocation>
      <Image>
        <BitmapByteArray />
      </Image>
      <TextVisible>true</TextVisible>
      <RuleName>AddDescriptionFields</RuleName>
      <RuleButtonBehavior>RunRule</RuleButtonBehavior>
      <Path>\\cadshare\CAD Configuration\i-Logic\Rules\AddDescriptionFields.txt</Path>
    </UiElementSpec>
    <UiElementSpec xsi:type="iLogicExternalRuleControlSpec">
      <Name>Mfg Name - Change to Upper Case</Name>
      <Font>
        <FamilyName />
        <Size>0</Size>
        <Bold>false</Bold>
        <Italic>false</Italic>
      </Font>
      <TextLocation>Left</TextLocation>
      <Image>
        <BitmapByteArray />
      </Image>
      <TextVisible>true</TextVisible>
      <RuleName>MFGNameUCASE</RuleName>
      <RuleButtonBehavior>RunRule</RuleButtonBehavior>
      <Path>\\cadshare\CAD Configuration\i-Logic\Rules\MFGNameUCASE.txt</Path>
    </UiElementSpec>
  </Items>
  <StyleAndSkinName>
    <StyleName>Default</StyleName>
  </StyleAndSkinName>
  <AllowCustomization>true</AllowCustomization>
  <PredefinedButtons>Done</PredefinedButtons>
  <Modal>false</Modal>
  <ItemBordersVisible>true</ItemBordersVisible>
  <IsLauncherPage>false</IsLauncherPage>
  <ShowOnPlaceComponent>false</ShowOnPlaceComponent>
  <Guid>0079c76a-dcff-48a8-890c-65e0de1aaa64</Guid>
</FormSpecification>