<?xml version="1.0" encoding="utf-8"?>
<FormSpecification xmlns:xsd="http://www.w3.org/2001/XMLSchema" xmlns:xsi="http://www.w3.org/2001/XMLSchema-instance">
  <Name>Rules</Name>
  <Font>
    <Size>0</Size>
    <Bold>false</Bold>
    <Italic>false</Italic>
  </Font>
  <ContentsFont>
    <Size>0</Size>
    <Bold>false</Bold>
    <Italic>false</Italic>
  </ContentsFont>
  <ContentsTextLocation>Left</ContentsTextLocation>
  <Items>
    <UiElementSpec xsi:type="ControlGroupSpec">
      <Name>Models (IPT, IAM)</Name>
      <Font>
        <FamilyName />
        <Size>0</Size>
        <Bold>false</Bold>
        <Italic>false</Italic>
      </Font>
      <ContentsFont>
        <FamilyName />
        <Size>0</Size>
        <Bold>false</Bold>
        <Italic>false</Italic>
      </ContentsFont>
      <ContentsTextLocation>Left</ContentsTextLocation>
      <Items>
        <UiElementSpec xsi:type="iLogicExternalRuleControlSpec">
          <Name>Part Finish</Name>
          <ToolTip>Click to Change Paint Color</ToolTip>
          <Font>
            <FamilyName />
            <Size>0</Size>
            <Bold>false</Bold>
            <Italic>false</Italic>
          </Font>
          <TextLocation>Left</TextLocation>
          <Image>
            <BitmapByteArray />
          </Image>
          <TextVisible>true</TextVisible>
          <RuleName>PaintColor</RuleName>
          <RuleButtonBehavior>RunRule</RuleButtonBehavior>
          <Path>\\cadshare\CAD Configuration\i-Logic\Rules\FormRules\PaintColor.txt</Path>
        </UiElementSpec>
        <UiElementSpec xsi:type="iLogicExternalRuleControlSpec">
          <Name>Set Material</Name>
          <ToolTip>Click to Change the Matrial</ToolTip>
          <Font>
            <FamilyName />
            <Size>0</Size>
            <Bold>false</Bold>
            <Italic>false</Italic>
          </Font>
          <TextLocation>Left</TextLocation>
          <Image>
            <BitmapByteArray />
          </Image>
          <TextVisible>true</TextVisible>
          <RuleName>ChangeMat_External</RuleName>
          <RuleButtonBehavior>RunRule</RuleButtonBehavior>
          <Path>\\cadshare\CAD Configuration\i-Logic\Rules\FormRules\ChangeMat_External.txt</Path>
        </UiElementSpec>
        <UiElementSpec xsi:type="iLogicExternalRuleControlSpec">
          <Name>Alter Weight</Name>
          <ToolTip>Click to change the weight of the Purchased Component</ToolTip>
          <Font>
            <FamilyName />
            <Size>0</Size>
            <Bold>false</Bold>
            <Italic>false</Italic>
          </Font>
          <TextLocation>Left</TextLocation>
          <Image>
            <BitmapByteArray />
          </Image>
          <TextVisible>true</TextVisible>
          <RuleName>DensityOfPurchasedComponents</RuleName>
          <RuleButtonBehavior>RunRule</RuleButtonBehavior>
          <Path>\\cadshare\CAD Configuration\i-Logic\Rules\FormRules\DensityOfPurchasedComponents.vb</Path>
        </UiElementSpec>
        <UiElementSpec xsi:type="iLogicExternalRuleControlSpec">
          <Name>Ground All Components</Name>
          <ToolTip>Grounds all children in an assembly.</ToolTip>
          <Font>
            <FamilyName />
            <Size>0</Size>
            <Bold>false</Bold>
            <Italic>false</Italic>
          </Font>
          <TextLocation>Left</TextLocation>
          <Image>
            <BitmapByteArray />
          </Image>
          <TextVisible>true</TextVisible>
          <RuleName>AutoGround</RuleName>
          <RuleButtonBehavior>RunRule</RuleButtonBehavior>
          <Path>\\cadshare\CAD Configuration\i-Logic\Rules\FormRules\AutoGround.txt</Path>
        </UiElementSpec>
        <UiElementSpec xsi:type="iLogicExternalRuleControlSpec">
          <Name>Replace Derive Component</Name>
          <Font>
            <FamilyName />
            <Size>0</Size>
            <Bold>false</Bold>
            <Italic>false</Italic>
          </Font>
          <TextLocation>Left</TextLocation>
          <Image>
            <BitmapByteArray />
          </Image>
          <TextVisible>true</TextVisible>
          <RuleName>ReplaceDeriveComponent</RuleName>
          <RuleButtonBehavior>RunRule</RuleButtonBehavior>
          <Path>\\cadshare\CAD Configuration\i-Logic\Rules\FormRules\ReplaceDeriveComponent.vb</Path>
        </UiElementSpec>
        <UiElementSpec xsi:type="iLogicExternalRuleControlSpec">
          <Name>Create Serviceable View Rep</Name>
          <Font>
            <FamilyName />
            <Size>0</Size>
            <Bold>false</Bold>
            <Italic>false</Italic>
          </Font>
          <TextLocation>Left</TextLocation>
          <Image>
            <BitmapByteArray />
          </Image>
          <TextVisible>true</TextVisible>
          <RuleName>ServiceableViewRep</RuleName>
          <RuleButtonBehavior>RunRule</RuleButtonBehavior>
          <Path>\\cadshare\CAD Configuration\i-Logic\Rules\FormRules\ServiceableViewRep.txt</Path>
        </UiElementSpec>
        <UiElementSpec xsi:type="iLogicExternalRuleControlSpec">
          <Name>ExportAllComponentsAsJpg</Name>
          <Font>
            <FamilyName />
            <Size>0</Size>
            <Bold>false</Bold>
            <Italic>false</Italic>
          </Font>
          <TextLocation>Left</TextLocation>
          <Image>
            <BitmapByteArray />
          </Image>
          <TextVisible>true</TextVisible>
          <RuleName>ExportAllComponentsAsJpg</RuleName>
          <RuleButtonBehavior>RunRule</RuleButtonBehavior>
          <Path>\\cadshare\CAD Configuration\i-Logic\Rules\ExportAllComponentsAsJpg.txt</Path>
        </UiElementSpec>
      </Items>
      <CaptionImage>
        <BitmapByteArray />
      </CaptionImage>
      <BordersVisible>true</BordersVisible>
    </UiElementSpec>
    <UiElementSpec xsi:type="ControlGroupSpec">
      <Name>Drawings (IDW)</Name>
      <Font>
        <FamilyName />
        <Size>0</Size>
        <Bold>false</Bold>
        <Italic>false</Italic>
      </Font>
      <ContentsFont>
        <FamilyName />
        <Size>0</Size>
        <Bold>false</Bold>
        <Italic>false</Italic>
      </ContentsFont>
      <ContentsTextLocation>Left</ContentsTextLocation>
      <Items>
        <UiElementSpec xsi:type="iLogicExternalRuleControlSpec">
          <Name>Switch Title Block</Name>
          <ToolTip>Replaces Existing Titleblock with CLTB11 or CLTB12</ToolTip>
          <Font>
            <FamilyName />
            <Size>0</Size>
            <Bold>false</Bold>
            <Italic>false</Italic>
          </Font>
          <TextLocation>Left</TextLocation>
          <Image>
            <BitmapByteArray />
          </Image>
          <TextVisible>true</TextVisible>
          <RuleName>ChangeTitleblock_OldDrawingsV2</RuleName>
          <RuleButtonBehavior>RunRule</RuleButtonBehavior>
          <Path>\\cadshare\CAD Configuration\i-Logic\Rules\FormRules\ChangeTitleblock_OldDrawingsV2.txt</Path>
        </UiElementSpec>
        <UiElementSpec xsi:type="iLogicExternalRuleControlSpec">
          <Name>Batch Save</Name>
          <Font>
            <FamilyName />
            <Size>0</Size>
            <Bold>false</Bold>
            <Italic>false</Italic>
          </Font>
          <TextLocation>Left</TextLocation>
          <Image>
            <BitmapByteArray />
          </Image>
          <TextVisible>true</TextVisible>
          <RuleName>FixDrawings_CODE_SelectFiles</RuleName>
          <RuleButtonBehavior>RunRule</RuleButtonBehavior>
          <Path>\\cadshare\CAD Configuration\i-Logic\Rules\FormRules\FixDrawings_CODE_SelectFiles.txt</Path>
        </UiElementSpec>
        <UiElementSpec xsi:type="iLogicExternalRuleControlSpec">
          <Name>Trick Drawing</Name>
          <ToolTip>Use for tricking drawing instead of Replace Reference Model</ToolTip>
          <Font>
            <FamilyName />
            <Size>0</Size>
            <Bold>false</Bold>
            <Italic>false</Italic>
          </Font>
          <TextLocation>Left</TextLocation>
          <Image>
            <BitmapByteArray />
          </Image>
          <TextVisible>true</TextVisible>
          <RuleName>TrickADrawing</RuleName>
          <RuleButtonBehavior>RunRule</RuleButtonBehavior>
          <Path>\\cadshare\CAD Configuration\i-Logic\Rules\FormRules\TrickADrawing.vb</Path>
        </UiElementSpec>
        <UiElementSpec xsi:type="iLogicExternalRuleControlSpec">
          <Name>Revison Table - Create/Add Row</Name>
          <Font>
            <FamilyName />
            <Size>0</Size>
            <Bold>false</Bold>
            <Italic>false</Italic>
          </Font>
          <TextLocation>Left</TextLocation>
          <Image>
            <BitmapByteArray />
          </Image>
          <TextVisible>true</TextVisible>
          <RuleName>RevisionTable</RuleName>
          <RuleButtonBehavior>RunRule</RuleButtonBehavior>
          <Path>\\cadshare\CAD Configuration\i-Logic\Rules\FormRules\RevisionTable.txt</Path>
        </UiElementSpec>
      </Items>
      <CaptionImage>
        <BitmapByteArray />
      </CaptionImage>
      <BordersVisible>true</BordersVisible>
    </UiElementSpec>
    <UiElementSpec xsi:type="iLogicExternalRuleControlSpec">
      <Name>CL Part Details</Name>
      <ToolTip>Click to Open the Information of the CL_Part</ToolTip>
      <Font>
        <FamilyName />
        <Size>0</Size>
        <Bold>false</Bold>
        <Italic>false</Italic>
      </Font>
      <TextLocation>Left</TextLocation>
      <Image>
        <BitmapByteArray />
      </Image>
      <TextVisible>true</TextVisible>
      <RuleName>EPMDocDetails-Part</RuleName>
      <RuleButtonBehavior>RunRule</RuleButtonBehavior>
      <Path>\\cadshare\CAD Configuration\i-Logic\Rules\FormRules\EPMDocDetails-Part.iLogicVb</Path>
    </UiElementSpec>
    <UiElementSpec xsi:type="iLogicExternalRuleControlSpec">
      <Name>CL CAD Details</Name>
      <ToolTip>Click to Open the Information of the CAD document</ToolTip>
      <Font>
        <FamilyName />
        <Size>0</Size>
        <Bold>false</Bold>
        <Italic>false</Italic>
      </Font>
      <TextLocation>Left</TextLocation>
      <Image>
        <BitmapByteArray />
      </Image>
      <TextVisible>true</TextVisible>
      <RuleName>EPMDocDetails-CAD</RuleName>
      <RuleButtonBehavior>RunRule</RuleButtonBehavior>
      <Path>\\cadshare\CAD Configuration\i-Logic\Rules\FormRules\EPMDocDetails-CAD.iLogicVb</Path>
    </UiElementSpec>
  </Items>
  <StyleAndSkinName>
    <StyleName>Default</StyleName>
  </StyleAndSkinName>
  <AllowCustomization>true</AllowCustomization>
  <PredefinedButtons>Done</PredefinedButtons>
  <Modal>false</Modal>
  <ItemBordersVisible>false</ItemBordersVisible>
  <IsLauncherPage>false</IsLauncherPage>
  <ShowOnPlaceComponent>false</ShowOnPlaceComponent>
  <Guid>12a8b5e9-b849-4e25-bee1-208f52c8c77d</Guid>
</FormSpecification>